100,120,0
200,245,0
300,370,0
400,495,0
500,620,0
600,745,0
700,870,0
800,995,0
900,1120,0
1000,1245,0
1100,1370,0
1200,1495,0
1300,1620,0
1400,1745,0
1500,1870,0
1600,1995,0
1700,2120,0
1800,2245,0
1900,2370,0
2000,2495,0
2100,2620,0
2200,2745,0
2300,2870,0
2400,2995,0
2500,3120,0
2600,3245,0
2700,3370,0
2800,3495,0
2900,3620,0
3000,3745,0
3100,3870,0
3200,3995,0
3300,4120,0
3400,4245,0
3500,4370,0
3600,4495,0
3700,4620,0
3800,4745,0
3900,4870,0
4000,4995,0
4100,5120,0
4200,5245,0
4300,5370,0
4400,5495,0
4500,5620,0
4600,5745,0
4700,5870,0
4800,5995,0
4900,6120,0
5000,6245,0
5100,6370,0
5200,6495,0
5300,6620,0
5400,6745,0
5500,6870,0
5600,6995,0
5700,7120,0
5800,7245,0
5900,7370,0
6000,7495,0
6100,7620,0
6200,7745,0
6300,7870,0
6400,7995,0
6500,8120,0
6600,8245,0
6700,8370,0
6800,8495,0
6900,8620,0
7000,8745,0
7100,8870,0
7200,8995,0
7300,9120,0
7400,9245,0
7500,9370,0
7600,9495,0
7700,9620,0
7800,9745,0
7900,9870,0
8000,9995,0
8100,10120,0
8200,10245,0
8300,10370,0
8400,10495,0
8500,10620,0
8600,10745,0
8700,10870,0
8800,10995,0
8900,11120,0
9000,11245,0
9100,11370,0
9200,11495,0
9300,11620,0
9400,11745,0
9500,11870,0
9600,11995,0
9700,12120,0
9800,12245,0
9900,12370,0
10000,12495,0
10100,12620,0
10200,12745,0
10300,12870,0
10400,12995,0
10500,13120,0
10600,13245,0
10700,13370,0
10800,13495,0
10900,13620,0
11000,13745,0
11100,13870,0
11200,13995,0
11300,14120,0
11400,14245,0
11500,14370,0
11600,14495,0
11700,14620,0
11800,14745,0
11900,14870,0
12000,14995,0.035714
12100,15120,0
12200,15245,0
12300,15370,0
12400,15495,0
12500,15620,0
12600,15745,0
12700,15870,0
12800,15995,0
12900,16120,0.035714
13000,16245,0
13100,16370,0
13200,16495,0
13300,16620,0.035714
13400,16745,0
13500,16870,0
13600,16995,0.035714
13700,17120,0
13800,17245,0
13900,17370,0
14000,17495,0
14100,17620,0
14200,17745,0
14300,17870,0.035714
14400,17995,0
14500,18120,0
14600,18245,0.035714
14700,18370,0
14800,18495,0
14900,18620,0
15000,18745,0
15100,18870,0
15200,18995,0.035714
15300,19120,0.035714
15400,19245,0
15500,19370,0
15600,19495,0
15700,19620,0
15800,19745,0
15900,19870,0.035714
16000,19995,0
16100,20120,0.035714
16200,20245,0
16300,20370,0.035714
16400,20495,0.035714
16500,20620,0
16600,20745,0
16700,20870,0
16800,20995,0
16900,21120,0
17000,21245,0
17100,21370,0.035714
17200,21495,0
17300,21620,0.035714
17400,21745,0.035714
17500,21870,0.035714
17600,21995,0
17700,22120,0.035714
17800,22245,0.035714
17900,22370,0
18000,22495,0.035714
18100,22620,0
18200,22745,0.035714
18300,22870,0.035714
18400,22995,0
18500,23120,0
18600,23245,0.035714
18700,23370,0.035714
18800,23495,0
18900,23620,0
19000,23745,0.035714
19100,23870,0.035714
19200,23995,0
19300,24120,0.035714
19400,24245,0.035714
19500,24370,0
19600,24495,0
19700,24620,0.035714
19800,24745,0.035714
19900,24870,0.035714
20000,24995,0
20100,25120,0.035714
20200,25245,0.035714
20300,25370,0.035714
20400,25495,0.035714
20500,25620,0.035714
20600,25745,0
20700,25870,0
20800,25995,0.035714
20900,26120,0.035714
21000,26245,0.035714
21100,26370,0.035714
21200,26495,0.035714
21300,26620,0.035714
21400,26745,0.035714
21500,26870,0
21600,26995,0
21700,27120,0
21800,27245,0.035714
21900,27370,0.035714
22000,27495,0.035714
22100,27620,0.035714
22200,27745,0.035714
22300,27870,0.035714
22400,27995,0.035714
22500,28120,0.035714
22600,28245,0.035714
22700,28370,0.035714
22800,28495,0.035714
22900,28620,0.035714
23000,28745,0.035714
23100,28870,0.071429
23200,28995,0.071429
23300,29120,0.035714
23400,29245,0.035714
23500,29370,0.035714
23600,29495,0.035714
23700,29620,0.035714
23800,29745,0.035714
23900,29870,0.071429
24000,29995,0.071429
24100,30120,0.107143
24200,30245,0.107143
24300,30370,0.071429
24400,30495,0.071429
24500,30620,0.178571
24600,30745,0.107143
24700,30870,0.035714
24800,30995,0.071429
24900,31120,0.107143
25000,31245,0.071429
25100,31370,0.035714
25200,31495,0.071429
25300,31620,0.071429
25400,31745,0.035714
25500,31870,0.071429
25600,31995,0.071429
25700,32120,0.071429
25800,32245,0.071429
25900,32370,0.071429
26000,32495,0.035714
26100,32620,0.035714
26200,32745,0.071429
26300,32870,0.035714
26400,32995,0.035714
26500,33120,0.071429
26600,33245,0.071429
26700,33370,0.035714
26800,33495,0.071429
26900,33620,0.035714
27000,33745,0.035714
27100,33870,0.071429
27200,33995,0.035714
27300,34120,0.035714
27400,34245,0.071429
27500,34370,0.035714
27600,34495,0.071429
27700,34620,0.071429
27800,34745,0.071429
27900,34870,0.035714
28000,34995,0.071429
28100,35120,0.035714
28200,35245,0.035714
28300,35370,0.035714
28400,35495,0.071429
28500,35620,0.035714
28600,35745,0.071429
28700,35870,0.035714
28800,35995,0.071429
28900,36120,0.035714
29000,36245,0.035714
29100,36370,0.071429
29200,36495,0.035714
29300,36620,0.071429
29400,36745,0.071429
29500,36870,0.071429
29600,36995,0.035714
29700,37120,0.035714
29800,37245,0.071429
29900,37370,0.071429
30000,37495,0.071429
30100,37620,0.071429
30200,37745,0.071429
30300,37870,0.035714
30400,37995,0.035714
30500,38120,0.071429
30600,38245,0.071429
30700,38370,0.035714
30800,38495,0.071429
30900,38620,0.071429
31000,38745,0.035714
31100,38870,0.035714
31200,38995,0.071429
31300,39120,0.035714
31400,39245,0.035714
31500,39370,0.071429
31600,39495,0.071429
31700,39620,0.071429
31800,39745,0.071429
31900,39870,0.071429
32000,39995,0.071429
32100,40120,0.035714
32200,40245,0.035714
32300,40370,0.071429
32400,40495,0.071429
32500,40620,0.071429
32600,40745,0.071429
32700,40870,0.035714
32800,40995,0.071429
32900,41120,0.071429
33000,41245,0.071429
33100,41370,0.071429
33200,41495,0.071429
33300,41620,0.071429
33400,41745,0.071429
33500,41870,0.071429
33600,41995,0.071429
33700,42120,0.071429
33800,42245,0.071429
33900,42370,0.071429
34000,42495,0.107143
34100,42620,0.071429
34200,42745,0.071429
34300,42870,0.071429
34400,42995,0.035714
34500,43120,0.071429
34600,43245,0.071429
34700,43370,0.071429
34800,43495,0.071429
34900,43620,0.071429
35000,43745,0.071429
35100,43870,0.071429
35200,43995,0.035714
35300,44120,0.071429
35400,44245,0.071429
35500,44370,0.035714
35600,44495,0.071429
35700,44620,0.035714
35800,44745,0.071429
35900,44870,0.071429
36000,44995,0.071429
36100,45120,0.071429
36200,45245,0.071429
36300,45370,0.071429
36400,45495,0.071429
36500,45620,0.071429
36600,45745,0.107143
36700,45870,0.071429
36800,45995,0.071429
36900,46120,0.071429
37000,46245,0.071429
37100,46370,0.107143
37200,46495,0.071429
37300,46620,0.071429
37400,46745,0.071429
37500,46870,0.071429
37600,46995,0.107143
37700,47120,0.071429
37800,47245,0.071429
37900,47370,0.071429
38000,47495,0.071429
38100,47620,0.107143
38200,47745,0.071429
38300,47870,0.071429
38400,47995,0.071429
38500,48120,0.107143
38600,48245,0.071429
38700,48370,0.071429
38800,48495,0.071429
38900,48620,0.071429
39000,48745,0.071429
39100,48870,0.107143
39200,48995,0.071429
39300,49120,0.107143
39400,49245,0.071429
39500,49370,0.107143
39600,49495,0.107143
39700,49620,0.071429
39800,49745,0.071429
39900,49870,0.071429
40000,49995,0.107143
40100,50120,0.107143
40200,50245,0.071429
40300,50370,0.071429
40400,50495,0.071429
40500,50620,0.107143
40600,50745,0.107143
40700,50870,0.071429
40800,50995,0.107143
40900,51120,0.071429
41000,51245,0.071429
41100,51370,0.107143
41200,51495,0.071429
41300,51620,0.107143
41400,51745,0.107143
41500,51870,0.071429
41600,51995,0.071429
41700,52120,0.107143
41800,52245,0.107143
41900,52370,0.107143
42000,52495,0.071429
42100,52620,0.107143
42200,52745,0.107143
42300,52870,0.107143
42400,52995,0.071429
42500,53120,0.107143
42600,53245,0.107143
42700,53370,0.107143
42800,53495,0.107143
42900,53620,0.107143
43000,53745,0.071429
43100,53870,0.107143
43200,53995,0.071429
43300,54120,0.107143
43400,54245,0.071429
43500,54370,0.25
43600,54495,0.178571
43700,54620,0.107143
43800,54745,0.142857
43900,54870,0.107143
44000,54995,0.071429
44100,55120,0.107143
44200,55245,0.071429
44300,55370,0.071429
44400,55495,0.071429
44500,55620,0.142857
44600,55745,0.107143
44700,55870,0.107143
44800,55995,0.107143
44900,56120,0.107143
45000,56245,0.107143
45100,56370,0.107143
45200,56495,0.107143
45300,56620,0.107143
45400,56745,0.107143
45500,56870,0.107143
45600,56995,0.107143
45700,57120,0.107143
45800,57245,0.107143
45900,57370,0.107143
46000,57495,0.107143
46100,57620,0.107143
46200,57745,0.107143
46300,57870,0.071429
46400,57995,0.071429
46500,58120,0.071429
46600,58245,0.107143
46700,58370,0.107143
46800,58495,0.107143
46900,58620,0.107143
47000,58745,0.142857
47100,58870,0.107143
47200,58995,0.107143
47300,59120,0.107143
47400,59245,0.142857
47500,59370,0.107143
47600,59495,0.107143
47700,59620,0.107143
47800,59745,0.107143
47900,59870,0.107143
48000,59995,0.107143
48100,60120,0.107143
48200,60245,0.107143
48300,60370,0.107143
48400,60495,0.107143
48500,60620,0.142857
48600,60745,0.107143
48700,60870,0.107143
48800,60995,0.071429
48900,61120,0.107143
49000,61245,0.107143
49100,61370,0.107143
49200,61495,0.107143
49300,61620,0.142857
49400,61745,0.107143
49500,61870,0.107143
49600,61995,0.107143
49700,62120,0.107143
49800,62245,0.107143
49900,62370,0.107143
50000,62495,0.142857
50100,62620,0.142857
50200,62745,0.107143
50300,62870,0.107143
50400,62995,0.107143
50500,63120,0.142857
50600,63245,0.107143
50700,63370,0.142857
50800,63495,0.142857
50900,63620,0.142857
51000,63745,0.107143
51100,63870,0.142857
51200,63995,0.107143
51300,64120,0.107143
51400,64245,0.107143
51500,64370,0.142857
51600,64495,0.142857
51700,64620,0.107143
51800,64745,0.142857
51900,64870,0.142857
52000,64995,0.107143
52100,65120,0.107143
52200,65245,0.142857
52300,65370,0.142857
52400,65495,0.178571
52500,65620,0.142857
52600,65745,0.142857
52700,65870,0.107143
52800,65995,0.107143
52900,66120,0.107143
53000,66245,0.142857
53100,66370,0.142857
53200,66495,0.142857
53300,66620,0.142857
53400,66745,0.142857
53500,66870,0.142857
53600,66995,0.142857
53700,67120,0.142857
53800,67245,0.142857
53900,67370,0.142857
54000,67495,0.142857
54100,67620,0.142857
54200,67745,0.142857
54300,67870,0.142857
54400,67995,0.178571
54500,68120,0.142857
54600,68245,0.142857
54700,68370,0.178571
54800,68495,0.142857
54900,68620,0.142857
55000,68745,0.142857
55100,68870,0.178571
55200,68995,0.142857
55300,69120,0.142857
55400,69245,0.178571
55500,69370,0.142857
55600,69495,0.142857
55700,69620,0.178571
55800,69745,0.107143
55900,69870,0.142857
56000,69995,0.142857
56100,70120,0.107143
56200,70245,0.107143
56300,70370,0.178571
56400,70495,0.142857
56500,70620,0.142857
56600,70745,0.142857
56700,70870,0.142857
56800,70995,0.142857
56900,71120,0.142857
57000,71245,0.142857
57100,71370,0.142857
57200,71495,0.142857
57300,71620,0.142857
57400,71745,0.142857
57500,71870,0.142857
57600,71995,0.142857
57700,72120,0.142857
57800,72245,0.142857
57900,72370,0.178571
58000,72495,0.142857
58100,72620,0.142857
58200,72745,0.142857
58300,72870,0.142857
58400,72995,0.142857
58500,73120,0.142857
58600,73245,0.142857
58700,73370,0.142857
58800,73495,0.107143
58900,73620,0.142857
59000,73745,0.107143
59100,73870,0.107143
59200,73995,0.142857
59300,74120,0.142857
59400,74245,0.142857
59500,74370,0.178571
59600,74495,0.142857
59700,74620,0.142857
59800,74745,0.178571
59900,74870,0.142857
60000,74995,0.142857
60100,75120,0.142857
60200,75245,0.142857
60300,75370,0.142857
60400,75495,0.142857
60500,75620,0.142857
60600,75745,0.142857
60700,75870,0.142857
60800,75995,0.142857
60900,76120,0.142857
61000,76245,0.142857
61100,76370,0.178571
61200,76495,0.142857
61300,76620,0.142857
61400,76745,0.142857
61500,76870,0.142857
61600,76995,0.142857
61700,77120,0.142857
61800,77245,0.142857
61900,77370,0.142857
62000,77495,0.142857
62100,77620,0.142857
62200,77745,0.142857
62300,77870,0.178571
62400,77995,0.142857
62500,78120,0.142857
62600,78245,0.178571
62700,78370,0.142857
62800,78495,0.142857
62900,78620,0.178571
63000,78745,0.142857
63100,78870,0.142857
63200,78995,0.142857
63300,79120,0.142857
63400,79245,0.142857
63500,79370,0.142857
63600,79495,0.178571
63700,79620,0.142857
63800,79745,0.178571
63900,79870,0.142857
64000,79995,0.142857
64100,80120,0.178571
64200,80245,0.142857
64300,80370,0.142857
64400,80495,0.142857
64500,80620,0.142857
64600,80745,0.285714
64700,80870,0.25
64800,80995,0.142857
64900,81120,0.285714
65000,81245,0.178571
65100,81370,0.178571
65200,81495,0.142857
65300,81620,0.142857
65400,81745,0.178571
65500,81870,0.142857
65600,81995,0.142857
65700,82120,0.178571
65800,82245,0.178571
65900,82370,0.142857
66000,82495,0.178571
66100,82620,0.142857
66200,82745,0.178571
66300,82870,0.178571
66400,82995,0.142857
66500,83120,0.142857
66600,83245,0.178571
66700,83370,0.178571
66800,83495,0.178571
66900,83620,0.178571
67000,83745,0.178571
67100,83870,0.142857
67200,83995,0.142857
67300,84120,0.142857
67400,84245,0.142857
67500,84370,0.142857
67600,84495,0.178571
67700,84620,0.178571
67800,84745,0.142857
67900,84870,0.142857
68000,84995,0.178571
68100,85120,0.142857
68200,85245,0.178571
68300,85370,0.178571
68400,85495,0.178571
68500,85620,0.178571
68600,85745,0.178571
68700,85870,0.178571
68800,85995,0.178571
68900,86120,0.178571
69000,86245,0.178571
69100,86370,0.178571
69200,86495,0.178571
69300,86620,0.178571
69400,86745,0.178571
69500,86870,0.142857
69600,86995,0.178571
69700,87120,0.142857
69800,87245,0.142857
69900,87370,0.178571
70000,87495,0.178571
70100,87620,0.178571
70200,87745,0.178571
70300,87870,0.178571
70400,87995,0.178571
70500,88120,0.142857
70600,88245,0.178571
70700,88370,0.178571
70800,88495,0.178571
70900,88620,0.178571
71000,88745,0.178571
71100,88870,0.178571
71200,88995,0.178571
71300,89120,0.178571
71400,89245,0.142857
71500,89370,0.178571
71600,89495,0.178571
71700,89620,0.178571
71800,89745,0.178571
71900,89870,0.178571
72000,89995,0.178571
72100,90120,0.25
72200,90245,0.178571
72300,90370,0.214286
72400,90495,0.214286
72500,90620,0.214286
72600,90745,0.178571
72700,90870,0.214286
72800,90995,0.178571
72900,91120,0.178571
73000,91245,0.214286
73100,91370,0.178571
73200,91495,0.214286
73300,91620,0.178571
73400,91745,0.178571
73500,91870,0.178571
73600,91995,0.178571
73700,92120,0.214286
73800,92245,0.178571
73900,92370,0.178571
74000,92495,0.178571
74100,92620,0.214286
74200,92745,0.214286
74300,92870,0.25
74400,92995,0.25
74500,93120,0.178571
74600,93245,0.25
74700,93370,0.178571
74800,93495,0.178571
74900,93620,0.214286
75000,93745,0.214286
75100,93870,0.214286
75200,93995,0.178571
75300,94120,0.178571
75400,94245,0.178571
75500,94370,0.178571
75600,94495,0.214286
75700,94620,0.178571
75800,94745,0.178571
75900,94870,0.178571
76000,94995,0.178571
76100,95120,0.214286
76200,95245,0.214286
76300,95370,0.214286
76400,95495,0.178571
76500,95620,0.178571
76600,95745,0.214286
76700,95870,0.178571
76800,95995,0.178571
76900,96120,0.178571
77000,96245,0.178571
77100,96370,0.214286
77200,96495,0.178571
77300,96620,0.214286
77400,96745,0.142857
77500,96870,0.178571
77600,96995,0.214286
77700,97120,0.178571
77800,97245,0.214286
77900,97370,0.178571
78000,97495,0.214286
78100,97620,0.214286
78200,97745,0.178571
78300,97870,0.178571
78400,97995,0.178571
78500,98120,0.75
78600,98245,0.25
78700,98370,0.357143
78800,98495,0.25
78900,98620,0.214286
79000,98745,0.214286
79100,98870,0.214286
79200,98995,0.214286
79300,99120,0.214286
79400,99245,0.214286
79500,99370,0.214286
79600,99495,0.214286
79700,99620,0.214286
79800,99745,0.214286
79900,99870,0.285714
80000,99995,0.214286
80100,100120,0.25
80200,100245,0.25
80300,100370,0.214286
80400,100495,0.214286
80500,100620,0.214286
80600,100745,0.214286
80700,100870,0.214286
80800,100995,0.214286
80900,101120,0.178571
81000,101245,0.214286
81100,101370,0.214286
81200,101495,0.178571
81300,101620,0.214286
81400,101745,0.214286
81500,101870,0.214286
81600,101995,0.214286
81700,102120,0.214286
81800,102245,0.178571
81900,102370,0.214286
82000,102495,0.25
82100,102620,0.178571
82200,102745,0.214286
82300,102870,0.214286
82400,102995,0.25
82500,103120,0.25
82600,103245,0.214286
82700,103370,0.214286
82800,103495,0.214286
82900,103620,0.214286
83000,103745,0.214286
83100,103870,0.214286
83200,103995,0.214286
83300,104120,0.214286
83400,104245,0.214286
83500,104370,0.214286
83600,104495,0.214286
83700,104620,0.178571
83800,104745,0.214286
83900,104870,0.214286
84000,104995,0.25
84100,105120,0.214286
84200,105245,0.25
84300,105370,0.214286
84400,105495,0.214286
84500,105620,0.214286
84600,105745,0.178571
84700,105870,0.214286
84800,105995,0.214286
84900,106120,0.25
85000,106245,0.214286
85100,106370,0.25
85200,106495,0.214286
85300,106620,0.214286
85400,106745,0.214286
85500,106870,0.214286
85600,106995,0.25
85700,107120,0.214286
85800,107245,0.214286
85900,107370,0.214286
86000,107495,0.214286
86100,107620,0.214286
86200,107745,0.25
86300,107870,0.25
86400,107995,0.285714
86500,108120,0.25
86600,108245,0.25
86700,108370,0.25
86800,108495,0.25
86900,108620,0.25
87000,108745,0.214286
87100,108870,0.25
87200,108995,0.25
87300,109120,0.25
87400,109245,0.25
87500,109370,0.25
87600,109495,0.25
87700,109620,0.25
87800,109745,0.25
87900,109870,0.25
88000,109995,0.25
88100,110120,0.25
88200,110245,0.25
88300,110370,0.214286
88400,110495,0.214286
88500,110620,0.214286
88600,110745,0.214286
88700,110870,0.25
88800,110995,0.214286
88900,111120,0.214286
89000,111245,0.214286
89100,111370,0.25
89200,111495,0.392857
89300,111620,0.321429
89400,111745,0.357143
89500,111870,0.214286
89600,111995,0.25
89700,112120,0.25
89800,112245,0.214286
89900,112370,0.25
90000,112495,0.214286
90100,112620,0.214286
90200,112745,0.214286
90300,112870,0.25
90400,112995,0.214286
90500,113120,0.25
90600,113245,0.214286
90700,113370,0.25
90800,113495,0.214286
90900,113620,0.25
91000,113745,0.214286
91100,113870,0.25
91200,113995,0.214286
91300,114120,0.25
91400,114245,0.25
91500,114370,0.25
91600,114495,0.25
91700,114620,0.25
91800,114745,0.25
91900,114870,0.25
92000,114995,0.25
92100,115120,0.25
92200,115245,0.25
92300,115370,0.25
92400,115495,0.25
92500,115620,0.25
92600,115745,0.25
92700,115870,0.214286
92800,115995,0.25
92900,116120,0.214286
93000,116245,0.25
93100,116370,0.214286
93200,116495,0.25
93300,116620,0.214286
93400,116745,0.25
93500,116870,0.214286
93600,116995,0.25
93700,117120,0.214286
93800,117245,0.25
93900,117370,0.214286
94000,117495,0.25
94100,117620,0.214286
94200,117745,0.214286
94300,117870,0.25
94400,117995,0.25
94500,118120,0.25
94600,118245,0.214286
94700,118370,0.214286
94800,118495,0.25
94900,118620,0.25
95000,118745,0.25
95100,118870,0.25
95200,118995,0.25
95300,119120,0.25
95400,119245,0.25
95500,119370,0.25
95600,119495,0.25
95700,119620,0.25
95800,119745,0.25
95900,119870,0.285714
96000,119995,0.321429
96100,120120,0.285714
96200,120245,0.285714
96300,120370,0.321429
96400,120495,0.285714
96500,120620,0.285714
96600,120745,0.285714
96700,120870,0.285714
96800,120995,0.25
96900,121120,0.25
97000,121245,0.25
97100,121370,0.285714
97200,121495,0.285714
97300,121620,0.285714
97400,121745,0.285714
97500,121870,0.285714
97600,121995,0.285714
97700,122120,0.285714
97800,122245,0.25
97900,122370,0.321429
98000,122495,0.214286
98100,122620,0.25
98200,122745,0.25
98300,122870,0.25
98400,122995,0.25
98500,123120,0.25
98600,123245,0.25
98700,123370,0.25
98800,123495,0.285714
98900,123620,0.214286
99000,123745,0.25
99100,123870,0.25
99200,123995,0.285714
99300,124120,0.285714
99400,124245,0.285714
99500,124370,0.285714
99600,124495,0.285714
99700,124620,0.321429
99800,124745,0.25
99900,124870,0.285714
100000,124995,0.25
