1000, 320, 1896644, 0.013000
2000, 649, 7566953, 0.049000
3000, 972, 16985963, 0.108000
4000, 1294, 30143108, 0.193000
5000, 1622, 47062169, 0.305000
6000, 1939, 67743251, 0.448000
7000, 2270, 92195190, 0.594000
8000, 2602, 120412134, 0.776000
9000, 2926, 152404429, 0.982000
10000, 3258, 188176231, 1.227000





10, 2, 197, 0.000000
20, 4, 788, 0.000000
30, 8, 1756, 0.000000
40, 10, 3110, 0.000000
50, 12, 4865, 0.000000
60, 16, 6978, 0.000000
70, 18, 9499, 0.000000
80, 22, 12405, 1.000000
90, 25, 15657, 0.000000
100, 27, 19299, 0.000000
110, 31, 23311, 0.000000
120, 33, 27730, 0.000000
130, 36, 32505, 1.000000
140, 40, 37635, 1.000000
150, 42, 43186, 1.000000
160, 45, 49097, 1.000000
170, 47, 55411, 0.000000
180, 51, 62093, 0.000000
190, 55, 69166, 0.000000
200, 59, 76629, 1.000000
210, 61, 84463, 0.000000
220, 65, 92669, 1.000000
230, 70, 101233, 1.000000
240, 73, 110185, 2.000000
250, 76, 119470, 1.000000
260, 79, 129160, 1.000000
270, 83, 139212, 1.000000
280, 85, 149637, 1.000000
290, 88, 160449, 1.000000
300, 92, 171667, 1.000000
310, 97, 183236, 1.000000
320, 100, 195128, 1.000000
330, 104, 207417, 2.000000
340, 106, 220075, 2.000000
350, 108, 233143, 2.000000
360, 111, 246569, 1.000000
370, 116, 260353, 1.000000
380, 118, 274544, 5.000000
390, 121, 289093, 2.000000
400, 123, 304028, 2.000000
410, 127, 319348, 3.000000
420, 130, 335061, 2.000000
430, 134, 351117, 2.000000
440, 138, 367559, 3.000000
450, 141, 384411, 3.000000
460, 143, 401651, 3.000000
470, 148, 419269, 4.000000
480, 153, 437215, 2.000000
490, 157, 455542, 3.000000
500, 158, 474245, 3.000000
510, 161, 493352, 5.000000
520, 165, 512798, 3.000000
530, 168, 532658, 3.000000
540, 172, 552895, 3.000000
550, 175, 573540, 6.000000
560, 177, 594556, 4.000000
570, 180, 615979, 4.000000
580, 183, 637806, 6.000000
590, 185, 659977, 4.000000
600, 189, 682559, 4.000000
610, 192, 705547, 7.000000
620, 195, 728928, 6.000000
630, 199, 752674, 5.000000
640, 201, 776714, 5.000000
650, 205, 801149, 5.000000
660, 209, 825961, 8.000000
670, 214, 851120, 5.000000
680, 220, 876647, 6.000000
690, 222, 902646, 6.000000
700, 225, 928981, 7.000000
710, 228, 955730, 6.000000
720, 231, 982821, 15.000000
730, 233, 1010291, 8.000000
740, 237, 1038181, 6.000000
750, 240, 1066431, 7.000000
760, 243, 1095104, 7.000000
770, 246, 1124143, 7.000000
780, 248, 1153652, 8.000000
790, 250, 1183466, 8.000000
800, 252, 1213584, 11.000000
810, 258, 1244134, 8.000000
820, 260, 1275089, 8.000000
830, 264, 1306460, 8.000000
840, 266, 1338137, 13.000000
850, 269, 1370203, 9.000000
860, 273, 1402630, 9.000000
870, 279, 1435475, 9.000000
880, 283, 1468686, 10.000000
890, 285, 1502297, 10.000000
900, 288, 1536179, 10.000000
910, 291, 1570509, 11.000000
920, 295, 1605247, 10.000000
930, 298, 1640330, 11.000000
940, 303, 1675882, 11.000000
950, 307, 1711743, 11.000000
960, 310, 1748007, 12.000000
970, 312, 1784619, 12.000000
980, 315, 1821559, 12.000000
990, 318, 1858910, 15.000000
1000, 320, 1896644, 19.000000
1010, 323, 1934742, 15.000000
1020, 328, 1973279, 13.000000
1030, 331, 2012191, 15.000000
1040, 334, 2051462, 13.000000
1050, 337, 2091126, 14.000000
1060, 340, 2131167, 14.000000
1070, 344, 2171534, 23.000000
1080, 346, 2212278, 15.000000
1090, 349, 2253331, 14.000000
1100, 353, 2294805, 15.000000
1110, 356, 2336749, 35.000000
1120, 359, 2379066, 16.000000
1130, 361, 2421716, 16.000000
1140, 364, 2464864, 36.000000
1150, 367, 2508314, 30.000000
1160, 372, 2552076, 17.000000
1170, 375, 2596238, 16.000000
1180, 379, 2640780, 17.000000
1190, 383, 2685705, 19.000000
1200, 386, 2730927, 23.000000
1210, 389, 2776517, 18.000000
1220, 393, 2822543, 18.000000
1230, 395, 2868873, 19.000000
1240, 398, 2915632, 19.000000
1250, 400, 2962797, 19.000000
1260, 402, 3010308, 20.000000
1270, 408, 3058135, 19.000000
1280, 411, 3106392, 20.000000
1290, 415, 3154995, 20.000000
1300, 418, 3203998, 21.000000
1310, 421, 3253333, 21.000000
1320, 424, 3303047, 22.000000
1330, 428, 3353119, 27.000000
1340, 430, 3403635, 22.000000
1350, 434, 3454494, 22.000000
1360, 436, 3505808, 23.000000
1370, 440, 3557458, 28.000000
1380, 443, 3609478, 23.000000
1390, 445, 3661825, 28.000000
1400, 449, 3714665, 24.000000
1410, 452, 3767894, 28.000000
1420, 455, 3821401, 25.000000
1430, 457, 3875431, 36.000000
1440, 461, 3929737, 25.000000
1450, 463, 3984447, 26.000000
1460, 468, 4039316, 31.000000
1470, 469, 4094737, 26.000000
1480, 473, 4150508, 27.000000
1490, 477, 4206673, 33.000000
1500, 480, 4263194, 27.000000
1510, 483, 4320100, 30.000000
1520, 487, 4377360, 34.000000
1530, 491, 4434995, 31.000000
1540, 493, 4492931, 40.000000
1550, 497, 4551339, 29.000000
1560, 500, 4610075, 30.000000
1570, 504, 4669158, 50.000000
1580, 507, 4728674, 33.000000
1590, 509, 4788600, 33.000000
1600, 514, 4848916, 46.000000
1610, 518, 4909591, 56.000000
1620, 520, 4970618, 34.000000
1630, 523, 5032050, 32.000000
1640, 527, 5093813, 33.000000
1650, 532, 5156028, 43.000000
1660, 535, 5218674, 37.000000
1670, 537, 5281684, 34.000000
1680, 539, 5345101, 34.000000
1690, 543, 5408886, 46.000000
1700, 546, 5473000, 37.000000
1710, 549, 5537474, 37.000000
1720, 554, 5602275, 38.000000
1730, 556, 5667463, 37.000000
1740, 559, 5733052, 37.000000
1750, 561, 5798984, 37.000000
1760, 565, 5865321, 37.000000
1770, 569, 5931888, 38.000000
1780, 572, 5998945, 48.000000
1790, 576, 6066327, 39.000000
1800, 580, 6134135, 45.000000
1810, 584, 6202249, 42.000000
1820, 587, 6270689, 41.000000
1830, 590, 6339431, 47.000000
1840, 593, 6408661, 42.000000
1850, 596, 6478370, 41.000000
1860, 601, 6548416, 81.000000
1870, 603, 6618796, 62.000000
1880, 608, 6689488, 80.000000
1890, 612, 6760598, 63.000000
1900, 615, 6832085, 43.000000
1910, 620, 6903814, 50.000000
1920, 624, 6975991, 80.000000
1930, 626, 7048522, 46.000000
1940, 629, 7121453, 50.000000
1950, 634, 7194649, 53.000000
1960, 637, 7268376, 81.000000
1970, 640, 7342380, 52.000000
1980, 642, 7416820, 100.000000
1990, 644, 7491689, 54.000000
2000, 649, 7566953, 56.000000
2010, 651, 7642538, 76.000000
2020, 655, 7718467, 55.000000
2030, 659, 7794801, 70.000000
2040, 662, 7871517, 50.000000
2050, 665, 7948604, 51.000000
2060, 667, 8026114, 73.000000
2070, 669, 8104026, 53.000000
2080, 672, 8182329, 70.000000
2090, 676, 8260992, 79.000000
2100, 679, 8340050, 59.000000
2110, 683, 8419487, 60.000000
2120, 687, 8499218, 55.000000
2130, 689, 8579372, 74.000000
2140, 692, 8659823, 57.000000
2150, 697, 8740635, 85.000000
2160, 700, 8821829, 59.000000
2170, 702, 8903388, 77.000000
2180, 708, 8985359, 59.000000
2190, 710, 9067719, 92.000000
2200, 713, 9150516, 60.000000
2210, 716, 9233737, 65.000000
2220, 720, 9317364, 63.000000
2230, 723, 9401262, 70.000000
2240, 725, 9485466, 95.000000
2250, 726, 9570043, 82.000000
2260, 729, 9654968, 96.000000
2270, 732, 9740361, 82.000000
2280, 735, 9826074, 124.000000
2290, 739, 9912247, 95.000000
2300, 741, 9998698, 95.000000
2310, 744, 10085492, 72.000000
2320, 747, 10172829, 70.000000
2330, 749, 10260449, 66.000000
2340, 753, 10348419, 86.000000
2350, 758, 10436666, 73.000000
2360, 762, 10525362, 76.000000
2370, 766, 10614429, 68.000000
2380, 769, 10703927, 77.000000
2390, 771, 10793721, 71.000000
2400, 774, 10884010, 106.000000
2410, 778, 10974724, 86.000000
2420, 780, 11065826, 91.000000
2430, 783, 11157329, 73.000000
2440, 787, 11249196, 98.000000
2450, 789, 11341479, 73.000000
2460, 792, 11434011, 84.000000
2470, 795, 11526851, 77.000000
2480, 800, 11620049, 78.000000
2490, 802, 11713664, 80.000000
2500, 806, 11807684, 92.000000
2510, 809, 11902089, 85.000000
2520, 810, 11996847, 81.000000
2530, 814, 12092099, 133.000000
2540, 818, 12187610, 89.000000
2550, 821, 12283422, 119.000000
2560, 825, 12379741, 92.000000
2570, 828, 12476417, 101.000000
2580, 832, 12573584, 81.000000
2590, 834, 12670939, 102.000000
2600, 837, 12768711, 87.000000
2610, 842, 12866968, 88.000000
2620, 844, 12965448, 88.000000
2630, 846, 13064293, 124.000000
2640, 852, 13163413, 110.000000
2650, 853, 13262929, 90.000000
2660, 857, 13362890, 100.000000
2670, 860, 13463215, 93.000000
2680, 863, 13563956, 99.000000
2690, 867, 13665110, 113.000000
2700, 869, 13766579, 115.000000
2710, 873, 13868332, 107.000000
2720, 877, 13970574, 100.000000
2730, 879, 14073298, 100.000000
2740, 883, 14176356, 101.000000
2750, 886, 14279709, 115.000000
2760, 889, 14383372, 98.000000
2770, 892, 14487475, 123.000000
2780, 896, 14591968, 137.000000
2790, 899, 14696718, 103.000000
2800, 902, 14801899, 109.000000
2810, 906, 14907562, 102.000000
2820, 911, 15013575, 137.000000
2830, 913, 15120011, 115.000000
2840, 916, 15226847, 105.000000
2850, 919, 15334029, 133.000000
2860, 922, 15441593, 140.000000
2870, 926, 15549597, 109.000000
2880, 929, 15657880, 101.000000
2890, 933, 15766577, 126.000000
2900, 936, 15875630, 107.000000
2910, 940, 15984974, 115.000000
2920, 943, 16094730, 106.000000
2930, 947, 16204854, 121.000000
2940, 949, 16315345, 105.000000
2950, 956, 16426178, 138.000000
2960, 959, 16537406, 193.000000
2970, 962, 16648891, 137.000000
2980, 965, 16760874, 108.000000
2990, 969, 16873222, 111.000000
3000, 972, 16985963, 117.000000
3010, 975, 17098983, 116.000000
3020, 978, 17212374, 116.000000
3030, 981, 17326043, 123.000000
3040, 983, 17440157, 158.000000
3050, 987, 17554512, 145.000000
3060, 991, 17669491, 120.000000
3070, 994, 17784765, 150.000000
3080, 997, 17900368, 119.000000
3090, 1000, 18016321, 120.000000
3100, 1003, 18132709, 147.000000
3110, 1005, 18249379, 128.000000
3120, 1009, 18366546, 164.000000
3130, 1012, 18484068, 167.000000
3140, 1015, 18601913, 145.000000
3150, 1018, 18720115, 140.000000
3160, 1021, 18838688, 124.000000
3170, 1024, 18957565, 138.000000
3180, 1028, 19076933, 139.000000
3190, 1031, 19196647, 134.000000
3200, 1034, 19316726, 159.000000
3210, 1038, 19437160, 152.000000
3220, 1042, 19557951, 155.000000
3230, 1045, 19679043, 190.000000
3240, 1050, 19800561, 144.000000
3250, 1053, 19922531, 154.000000
3260, 1055, 20044943, 141.000000
3270, 1057, 20167786, 161.000000
3280, 1060, 20290863, 165.000000
3290, 1064, 20414264, 147.000000
3300, 1066, 20538156, 154.000000
3310, 1067, 20662385, 142.000000
3320, 1071, 20786999, 156.000000
3330, 1073, 20912080, 135.000000
3340, 1078, 21037551, 181.000000
3350, 1081, 21163209, 142.000000
3360, 1084, 21289212, 143.000000
3370, 1087, 21415766, 173.000000
3380, 1090, 21542659, 159.000000
3390, 1095, 21669916, 172.000000
3400, 1099, 21797600, 178.000000
3410, 1103, 21925716, 145.000000
3420, 1105, 22054124, 153.000000
3430, 1108, 22182886, 165.000000
3440, 1112, 22312022, 181.000000
3450, 1115, 22441584, 150.000000
3460, 1118, 22571390, 168.000000
3470, 1120, 22701612, 198.000000
3480, 1123, 22832194, 203.000000
3490, 1126, 22963156, 174.000000
3500, 1130, 23094561, 214.000000
3510, 1132, 23226339, 176.000000
3520, 1135, 23358380, 177.000000
3530, 1138, 23490816, 178.000000
3540, 1141, 23623688, 203.000000
3550, 1144, 23756884, 199.000000
3560, 1147, 23890409, 161.000000
3570, 1149, 24024508, 165.000000
3580, 1152, 24158806, 172.000000
3590, 1155, 24293506, 190.000000
3600, 1160, 24428701, 162.000000
3610, 1163, 24564207, 189.000000
3620, 1165, 24700109, 215.000000
3630, 1168, 24836367, 176.000000
3640, 1171, 24972899, 201.000000
3650, 1175, 25109998, 189.000000
3660, 1178, 25247392, 167.000000
3670, 1181, 25385275, 193.000000
3680, 1185, 25523517, 193.000000
3690, 1188, 25661996, 219.000000
3700, 1191, 25800806, 230.000000
3710, 1196, 25939958, 172.000000
3720, 1201, 26079520, 198.000000
3730, 1205, 26219479, 194.000000
3740, 1210, 26359880, 220.000000
3750, 1214, 26500685, 211.000000
3760, 1218, 26641863, 212.000000
3770, 1221, 26783404, 241.000000
3780, 1222, 26925401, 221.000000
3790, 1227, 27067592, 196.000000
3800, 1231, 27210299, 184.000000
3810, 1233, 27353428, 192.000000
3820, 1237, 27496940, 206.000000
3830, 1240, 27640739, 213.000000
3840, 1244, 27784800, 224.000000
3850, 1247, 27929401, 182.000000
3860, 1250, 28074355, 204.000000
3870, 1255, 28219691, 202.000000
3880, 1258, 28365308, 184.000000
3890, 1262, 28511340, 217.000000
3900, 1264, 28657762, 190.000000
3910, 1267, 28804658, 196.000000
3920, 1271, 28951896, 263.000000
3930, 1273, 29099492, 197.000000
3940, 1277, 29247459, 206.000000
3950, 1280, 29395787, 239.000000
3960, 1282, 29544599, 254.000000
3970, 1286, 29693573, 200.000000
3980, 1288, 29843057, 220.000000
3990, 1292, 29993025, 259.000000
4000, 1294, 30143108, 196.000000
4010, 1298, 30293719, 219.000000
4020, 1302, 30444732, 271.000000
4030, 1305, 30596080, 216.000000
4040, 1309, 30747874, 250.000000
4050, 1311, 30900035, 220.000000
4060, 1314, 31052602, 201.000000
4070, 1316, 31205424, 215.000000
4080, 1321, 31358758, 235.000000
4090, 1324, 31512523, 262.000000
4100, 1326, 31666630, 248.000000
4110, 1329, 31820998, 258.000000
4120, 1334, 31975777, 228.000000
4130, 1337, 32130867, 259.000000
4140, 1339, 32286326, 232.000000
4150, 1342, 32442169, 235.000000
4160, 1345, 32598418, 310.000000
4170, 1346, 32755006, 237.000000
4180, 1351, 32911934, 267.000000
4190, 1355, 33069184, 250.000000
4200, 1357, 33226918, 219.000000
4210, 1360, 33384938, 236.000000
4220, 1365, 33543325, 215.000000
4230, 1368, 33702200, 284.000000
4240, 1371, 33861290, 236.000000
4250, 1374, 34020780, 257.000000
4260, 1377, 34180865, 259.000000
4270, 1383, 34341145, 292.000000
4280, 1387, 34501972, 256.000000
4290, 1388, 34663190, 259.000000
4300, 1392, 34824550, 250.000000
4310, 1396, 34986457, 285.000000
4320, 1398, 35148621, 263.000000
4330, 1401, 35311360, 284.000000
4340, 1404, 35474309, 275.000000
4350, 1407, 35637763, 247.000000
4360, 1409, 35801571, 269.000000
4370, 1412, 35965687, 257.000000
4380, 1416, 36130143, 275.000000
4390, 1419, 36295058, 315.000000
4400, 1422, 36460337, 270.000000
4410, 1425, 36626004, 294.000000
4420, 1428, 36792043, 297.000000
4430, 1432, 36958368, 330.000000
4440, 1435, 37125066, 272.000000
4450, 1440, 37292082, 400.000000
4460, 1443, 37459608, 314.000000
4470, 1446, 37627487, 324.000000
4480, 1449, 37795741, 287.000000
4490, 1451, 37964356, 292.000000
4500, 1457, 38133351, 276.000000
4510, 1460, 38302748, 251.000000
4520, 1462, 38472540, 331.000000
4530, 1467, 38642765, 252.000000
4540, 1470, 38813115, 274.000000
4550, 1472, 38983962, 259.000000
4560, 1474, 39155136, 294.000000
4570, 1476, 39326807, 314.000000
4580, 1479, 39498784, 271.000000
4590, 1483, 39671095, 290.000000
4600, 1486, 39843854, 276.000000
4610, 1491, 40016944, 293.000000
4620, 1496, 40190413, 320.000000
4630, 1499, 40364264, 276.000000
4640, 1500, 40538376, 353.000000
4650, 1504, 40712964, 344.000000
4660, 1508, 40887986, 332.000000
4670, 1511, 41063303, 297.000000
4680, 1513, 41239036, 304.000000
4690, 1516, 41415119, 397.000000
4700, 1519, 41591626, 375.000000
4710, 1525, 41768456, 370.000000
4720, 1527, 41945804, 379.000000
4730, 1530, 42123418, 365.000000
4740, 1534, 42301396, 304.000000
4750, 1537, 42479704, 321.000000
4760, 1541, 42658441, 319.000000
4770, 1543, 42837543, 321.000000
4780, 1549, 43017021, 380.000000
4790, 1551, 43196996, 340.000000
4800, 1553, 43377256, 321.000000
4810, 1558, 43557945, 355.000000
4820, 1561, 43739020, 375.000000
4830, 1564, 43920387, 359.000000
4840, 1566, 44102313, 359.000000
4850, 1570, 44284582, 390.000000
4860, 1573, 44467167, 362.000000
4870, 1577, 44650208, 347.000000
4880, 1579, 44833436, 318.000000
4890, 1581, 45017098, 355.000000
4900, 1584, 45201026, 417.000000
4910, 1589, 45385420, 360.000000
4920, 1593, 45570262, 343.000000
4930, 1596, 45755406, 366.000000
4940, 1599, 45940992, 358.000000
4950, 1603, 46126927, 369.000000
4960, 1608, 46313167, 564.000000
4970, 1612, 46499833, 396.000000
4980, 1614, 46686938, 352.000000
4990, 1617, 46874410, 368.000000
5000, 1622, 47062169, 392.000000
5010, 1626, 47250200, 424.000000
5020, 1631, 47438725, 309.000000
5030, 1633, 47627647, 376.000000
5040, 1637, 47816908, 407.000000
5050, 1640, 48006633, 485.000000
5060, 1643, 48196702, 461.000000
5070, 1645, 48387061, 392.000000
5080, 1650, 48577821, 390.000000
5090, 1652, 48769008, 415.000000
5100, 1656, 48960503, 337.000000
5110, 1659, 49152350, 348.000000
5120, 1661, 49344561, 383.000000
5130, 1665, 49537310, 379.000000
5140, 1670, 49730279, 378.000000
5150, 1673, 49923743, 422.000000
5160, 1676, 50117592, 424.000000
5170, 1678, 50311850, 396.000000
5180, 1681, 50506436, 421.000000
5190, 1685, 50701313, 362.000000
5200, 1688, 50896770, 359.000000
5210, 1690, 51092531, 394.000000
5220, 1692, 51288650, 481.000000
5230, 1695, 51485167, 879.000000
5240, 1699, 51681911, 1041.000000
5250, 1703, 51879191, 1193.000000
5260, 1706, 52076996, 548.000000
5270, 1709, 52274970, 446.000000
5280, 1712, 52473323, 411.000000
5290, 1717, 52672129, 393.000000
5300, 1719, 52871163, 419.000000
5310, 1723, 53070631, 398.000000
5320, 1727, 53270543, 395.000000
5330, 1730, 53470789, 416.000000
5340, 1731, 53671464, 398.000000
5350, 1735, 53872435, 521.000000
5360, 1737, 54073765, 434.000000
5370, 1740, 54275451, 463.000000
5380, 1743, 54477521, 407.000000
5390, 1746, 54680087, 451.000000
5400, 1748, 54883072, 453.000000
5410, 1752, 55086238, 436.000000
5420, 1755, 55289781, 403.000000
5430, 1759, 55493844, 465.000000
5440, 1763, 55698153, 426.000000
5450, 1766, 55902890, 568.000000
5460, 1770, 56107970, 418.000000
5470, 1773, 56313631, 423.000000
5480, 1775, 56519523, 444.000000
5490, 1778, 56725901, 438.000000
5500, 1781, 56932431, 474.000000
5510, 1784, 57139523, 418.000000
5520, 1788, 57346827, 436.000000
5530, 1790, 57554462, 458.000000
5540, 1793, 57762634, 487.000000
5550, 1798, 57971203, 482.000000
5560, 1801, 58180121, 501.000000
5570, 1802, 58389248, 439.000000
5580, 1806, 58598827, 765.000000
5590, 1809, 58808694, 412.000000
5600, 1812, 59018989, 472.000000
5610, 1816, 59229661, 450.000000
5620, 1819, 59440636, 479.000000
5630, 1821, 59652156, 483.000000
5640, 1823, 59863981, 490.000000
5650, 1828, 60076090, 548.000000
5660, 1829, 60288657, 488.000000
5670, 1834, 60501619, 546.000000
5680, 1838, 60714872, 705.000000
5690, 1841, 60928543, 462.000000
5700, 1844, 61142681, 560.000000
5710, 1848, 61357247, 515.000000
5720, 1850, 61572067, 489.000000
5730, 1854, 61787271, 467.000000
5740, 1857, 62003034, 502.000000
5750, 1861, 62219106, 509.000000
5760, 1863, 62435555, 488.000000
5770, 1866, 62652306, 435.000000
5780, 1869, 62869346, 612.000000
5790, 1872, 63087012, 517.000000
5800, 1875, 63304991, 507.000000
5810, 1878, 63523385, 469.000000
5820, 1881, 63741977, 527.000000
5830, 1886, 63960993, 492.000000
5840, 1888, 64180590, 532.000000
5850, 1892, 64400494, 494.000000
5860, 1895, 64620857, 608.000000
5870, 1897, 64841589, 608.000000
5880, 1901, 65062569, 504.000000
5890, 1906, 65283992, 489.000000
5900, 1907, 65505731, 574.000000
5910, 1911, 65727531, 495.000000
5920, 1913, 65949904, 508.000000
5930, 1916, 66172654, 536.000000
5940, 1919, 66395779, 547.000000
5950, 1922, 66619366, 498.000000
5960, 1928, 66843412, 561.000000
5970, 1933, 67067748, 578.000000
5980, 1934, 67292625, 511.000000
5990, 1937, 67517827, 516.000000
6000, 1939, 67743251, 509.000000
6010, 1942, 67969120, 519.000000
6020, 1946, 68195210, 561.000000
6030, 1950, 68421892, 552.000000
6040, 1953, 68648820, 520.000000
6050, 1956, 68876208, 518.000000
6060, 1959, 69104021, 563.000000
6070, 1962, 69332157, 575.000000
6080, 1967, 69560795, 545.000000
6090, 1971, 69789650, 524.000000
6100, 1973, 70018990, 567.000000
6110, 1975, 70248427, 637.000000
6120, 1981, 70478684, 578.000000
6130, 1985, 70708956, 577.000000
6140, 1989, 70939762, 559.000000
6150, 1992, 71170966, 548.000000
6160, 1996, 71402469, 534.000000
6170, 2000, 71634340, 537.000000
6180, 2002, 71866767, 589.000000
6190, 2005, 72099515, 595.000000
6200, 2008, 72332487, 539.000000
6210, 2011, 72565966, 561.000000
6220, 2013, 72799884, 619.000000
6230, 2017, 73033998, 590.000000
6240, 2021, 73268639, 581.000000
6250, 2024, 73503529, 682.000000
6260, 2028, 73738727, 534.000000
6270, 2031, 73974396, 550.000000
6280, 2034, 74210683, 577.000000
6290, 2036, 74447259, 713.000000
6300, 2039, 74684234, 627.000000
6310, 2042, 74921744, 732.000000
6320, 2045, 75159334, 675.000000
6330, 2048, 75397387, 619.000000
6340, 2052, 75635899, 583.000000
6350, 2055, 75874554, 599.000000
6360, 2059, 76113685, 682.000000
6370, 2063, 76353142, 632.000000
6380, 2067, 76593004, 577.000000
6390, 2071, 76833259, 623.000000
6400, 2076, 77073760, 567.000000
6410, 2079, 77314620, 750.000000
6420, 2082, 77556040, 588.000000
6430, 2084, 77797878, 628.000000
6440, 2088, 78040017, 729.000000
6450, 2092, 78282542, 594.000000
6460, 2095, 78525356, 612.000000
6470, 2097, 78768530, 626.000000
6480, 2099, 79012113, 668.000000
6490, 2103, 79256181, 592.000000
6500, 2105, 79500534, 684.000000
6510, 2109, 79745286, 634.000000
6520, 2112, 79990442, 588.000000
6530, 2118, 80235927, 673.000000
6540, 2121, 80481916, 644.000000
6550, 2125, 80728098, 616.000000
6560, 2129, 80974783, 602.000000
6570, 2132, 81221721, 611.000000
6580, 2136, 81469123, 675.000000
6590, 2139, 81716875, 685.000000
6600, 2141, 81965083, 595.000000
6610, 2145, 82213738, 699.000000
6620, 2148, 82462466, 602.000000
6630, 2151, 82711668, 746.000000
6640, 2152, 82961433, 592.000000
6650, 2157, 83211590, 747.000000
6660, 2159, 83461919, 661.000000
6670, 2162, 83712638, 667.000000
6680, 2165, 83963671, 631.000000
6690, 2169, 84215250, 646.000000
6700, 2173, 84467288, 733.000000
6710, 2176, 84719539, 692.000000
6720, 2179, 84972040, 677.000000
6730, 2181, 85225055, 745.000000
6740, 2183, 85478453, 696.000000
6750, 2187, 85732121, 847.000000
6760, 2189, 85986295, 735.000000
6770, 2192, 86240479, 785.000000
6780, 2197, 86495329, 645.000000
6790, 2200, 86750594, 666.000000
6800, 2204, 87006132, 798.000000
6810, 2208, 87261884, 737.000000
6820, 2211, 87518147, 818.000000
6830, 2215, 87774711, 891.000000
6840, 2218, 88031845, 698.000000
6850, 2221, 88289207, 674.000000
6860, 2223, 88546987, 721.000000
6870, 2228, 88805155, 944.000000
6880, 2231, 89063611, 713.000000
6890, 2234, 89322456, 860.000000
6900, 2238, 89581788, 717.000000
6910, 2241, 89841580, 912.000000
6920, 2243, 90101549, 728.000000
6930, 2249, 90362016, 700.000000
6940, 2251, 90622799, 683.000000
6950, 2254, 90883836, 759.000000
6960, 2257, 91145290, 697.000000
6970, 2259, 91407019, 779.000000
6980, 2264, 91669263, 747.000000
6990, 2267, 91932116, 755.000000
7000, 2270, 92195190, 834.000000
7010, 2272, 92458675, 929.000000
7020, 2278, 92722642, 667.000000
7030, 2282, 92986788, 753.000000
7040, 2287, 93251421, 809.000000
7050, 2290, 93516380, 765.000000
7060, 2292, 93781713, 727.000000
7070, 2295, 94047567, 766.000000
7080, 2299, 94313518, 792.000000
7090, 2304, 94579925, 742.000000
7100, 2308, 94846742, 691.000000
7110, 2310, 95113981, 781.000000
7120, 2313, 95381654, 809.000000
7130, 2315, 95649611, 756.000000
7140, 2318, 95918103, 702.000000
7150, 2322, 96186956, 825.000000
7160, 2326, 96456058, 777.000000
7170, 2327, 96725649, 820.000000
7180, 2331, 96995456, 827.000000
7190, 2333, 97265843, 854.000000
7200, 2339, 97536617, 748.000000
7210, 2342, 97807858, 747.000000
7220, 2346, 98079088, 960.000000
7230, 2351, 98350813, 779.000000
7240, 2354, 98623047, 739.000000
7250, 2359, 98895542, 822.000000
7260, 2362, 99168547, 758.000000
7270, 2365, 99442033, 855.000000
7280, 2368, 99715753, 777.000000
7290, 2370, 99989877, 814.000000
7300, 2373, 100264486, 887.000000
7310, 2377, 100539321, 801.000000
7320, 2380, 100814452, 781.000000
7330, 2382, 101090089, 755.000000
7340, 2384, 101366108, 795.000000
7350, 2386, 101642368, 745.000000
7360, 2390, 101919065, 847.000000
7370, 2395, 102196043, 831.000000
7380, 2400, 102473655, 821.000000
7390, 2403, 102751506, 884.000000
7400, 2407, 103029755, 802.000000
7410, 2409, 103308033, 953.000000
7420, 2411, 103587138, 893.000000
7430, 2414, 103866335, 913.000000
7440, 2416, 104145904, 827.000000
7450, 2419, 104426122, 816.000000
7460, 2424, 104706805, 818.000000
7470, 2427, 104987663, 934.000000
7480, 2431, 105268961, 944.000000
7490, 2435, 105550567, 955.000000
7500, 2439, 105832545, 1031.000000
7510, 2442, 106115071, 1016.000000
7520, 2447, 106397904, 941.000000
7530, 2452, 106680941, 953.000000
7540, 2454, 106964403, 798.000000
7550, 2458, 107248348, 928.000000
7560, 2460, 107532553, 909.000000
7570, 2464, 107817145, 876.000000
7580, 2469, 108102112, 903.000000
7590, 2474, 108387397, 893.000000
7600, 2477, 108673105, 970.000000
7610, 2480, 108959306, 1098.000000
7620, 2483, 109245834, 834.000000
7630, 2486, 109532662, 905.000000
7640, 2490, 109819898, 785.000000
7650, 2491, 110107463, 955.000000
7660, 2494, 110395399, 903.000000
7670, 2498, 110683800, 888.000000
7680, 2501, 110972544, 887.000000
7690, 2505, 111261554, 1094.000000
7700, 2507, 111551005, 889.000000
7710, 2510, 111840950, 898.000000
7720, 2512, 112131202, 1045.000000
7730, 2516, 112421815, 1082.000000
7740, 2519, 112712916, 1208.000000
7750, 2521, 113004222, 866.000000
7760, 2524, 113296025, 908.000000
7770, 2526, 113588278, 910.000000
7780, 2529, 113880814, 1013.000000
7790, 2534, 114173794, 1078.000000
7800, 2537, 114467102, 1042.000000
7810, 2541, 114760813, 1043.000000
7820, 2545, 115054837, 2331.000000
7830, 2547, 115349355, 2072.000000
7840, 2551, 115644232, 2058.000000
7850, 2555, 115939343, 2184.000000
7860, 2558, 116234889, 2338.000000
7870, 2561, 116530740, 2006.000000
7880, 2565, 116827044, 2200.000000
7890, 2568, 117123720, 2331.000000
7900, 2570, 117420759, 2156.000000
7910, 2573, 117718168, 2053.000000
7920, 2577, 118015924, 2043.000000
7930, 2580, 118313929, 2056.000000
7940, 2583, 118612549, 2095.000000
7950, 2588, 118911490, 2066.000000
7960, 2593, 119210806, 2080.000000
7970, 2595, 119510635, 2079.000000
7980, 2598, 119810678, 2088.000000
7990, 2599, 120111307, 2129.000000
8000, 2602, 120412134, 2100.000000
8010, 2604, 120713517, 2084.000000
8020, 2608, 121015251, 2125.000000
8030, 2610, 121317340, 2180.000000
8040, 2613, 121619517, 2090.000000
8050, 2615, 121922287, 2130.000000
8060, 2620, 122225358, 2104.000000
8070, 2622, 122528858, 2166.000000
8080, 2625, 122832904, 2105.000000
8090, 2628, 123137159, 2224.000000
8100, 2633, 123441973, 2146.000000
8110, 2635, 123746856, 2173.000000
8120, 2640, 124052247, 2186.000000
8130, 2644, 124358069, 2377.000000
8140, 2647, 124664435, 2401.000000
8150, 2650, 124971081, 2192.000000
8160, 2654, 125278021, 2195.000000
8170, 2656, 125585312, 2190.000000
8180, 2660, 125892984, 2210.000000
8190, 2663, 126201030, 2155.000000
8200, 2665, 126509497, 2181.000000
8210, 2668, 126818322, 2232.000000
8220, 2672, 127127542, 2266.000000
8230, 2675, 127437134, 2259.000000
8240, 2678, 127747006, 2231.000000
8250, 2681, 128057273, 2261.000000
8260, 2684, 128368048, 2396.000000
8270, 2686, 128679004, 2250.000000
8280, 2691, 128990442, 2280.000000
8290, 2695, 129302245, 2277.000000
8300, 2698, 129614390, 2287.000000
8310, 2702, 129926841, 2249.000000
8320, 2704, 130239795, 2312.000000
8330, 2707, 130553203, 2306.000000
8340, 2710, 130866970, 2279.000000
8350, 2712, 131181072, 2319.000000
8360, 2716, 131495477, 2362.000000
8370, 2720, 131810261, 2525.000000
8380, 2723, 132125446, 2351.000000
8390, 2725, 132440878, 2319.000000
8400, 2728, 132756793, 2323.000000
8410, 2732, 133073171, 2351.000000
8420, 2736, 133389882, 2322.000000
8430, 2739, 133707274, 2329.000000
8440, 2740, 134024818, 2335.000000
8450, 2744, 134342720, 2369.000000
8460, 2748, 134660717, 2429.000000
8470, 2751, 134979314, 2448.000000
8480, 2754, 135298505, 2377.000000
8490, 2757, 135617823, 2349.000000
8500, 2761, 135937678, 2367.000000
8510, 2766, 136257890, 2414.000000
8520, 2769, 136578441, 2374.000000
8530, 2772, 136899237, 2504.000000
8540, 2776, 137220387, 2462.000000
8550, 2779, 137542038, 2392.000000
8560, 2783, 137864191, 2398.000000
8570, 2786, 138186606, 2428.000000
8580, 2789, 138509390, 2407.000000
8590, 2793, 138832695, 2837.000000
8600, 2795, 139156221, 2559.000000
8610, 2799, 139480102, 2455.000000
8620, 2802, 139804324, 2404.000000
8630, 2804, 140128880, 2498.000000
8640, 2807, 140453791, 2408.000000
8650, 2811, 140779229, 2458.000000
8660, 2813, 141104927, 2482.000000
8670, 2818, 141430913, 2467.000000
8680, 2821, 141757237, 2460.000000
8690, 2827, 142084068, 2470.000000
8700, 2831, 142411324, 2509.000000
8710, 2834, 142739082, 2478.000000
8720, 2837, 143067112, 2551.000000
8730, 2840, 143395456, 2540.000000
8740, 2844, 143724115, 2542.000000
8750, 2847, 144053306, 2522.000000
8760, 2850, 144382902, 2551.000000
8770, 2854, 144712784, 2526.000000
8780, 2859, 145043099, 2603.000000
8790, 2862, 145373668, 2545.000000
8800, 2866, 145704621, 2705.000000
8810, 2869, 146035971, 2659.000000
8820, 2872, 146367712, 2554.000000
8830, 2876, 146699799, 2590.000000
8840, 2879, 147032335, 2724.000000
8850, 2882, 147365292, 2609.000000
8860, 2884, 147698373, 2510.000000
8870, 2887, 148031957, 2603.000000
8880, 2890, 148366154, 2591.000000
8890, 2894, 148700612, 2602.000000
8900, 2897, 149035628, 2603.000000
8910, 2899, 149370882, 2609.000000
8920, 2902, 149706475, 2565.000000
8930, 2905, 150042356, 2681.000000
8940, 2909, 150378479, 2592.000000
8950, 2911, 150715101, 2578.000000
8960, 2914, 151052127, 2633.000000
8970, 2916, 151389586, 2661.000000
8980, 2920, 151727523, 2717.000000
8990, 2922, 152065731, 2641.000000
9000, 2926, 152404429, 2632.000000
9010, 2929, 152743296, 2895.000000
9020, 2934, 153082607, 2909.000000
9030, 2935, 153422304, 2720.000000
9040, 2941, 153762312, 2667.000000
9050, 2946, 154102839, 2773.000000
9060, 2948, 154443787, 2705.000000
9070, 2952, 154785002, 2701.000000
9080, 2955, 155126720, 2706.000000
9090, 2958, 155468882, 2712.000000
9100, 2960, 155811418, 2701.000000
9110, 2961, 156154345, 2735.000000
9120, 2965, 156497766, 2717.000000
9130, 2969, 156841181, 2694.000000
9140, 2971, 157185044, 2735.000000
9150, 2975, 157529336, 2778.000000
9160, 2978, 157874168, 2700.000000
9170, 2982, 158219216, 2721.000000
9180, 2986, 158564513, 2749.000000
9190, 2990, 158910247, 2767.000000
9200, 2994, 159256330, 2761.000000
9210, 2997, 159602871, 3024.000000
9220, 2998, 159949920, 3001.000000
9230, 3001, 160297075, 3053.000000
9240, 3003, 160644745, 2799.000000
9250, 3007, 160992609, 2824.000000
9260, 3011, 161341134, 2785.000000
9270, 3013, 161690057, 2760.000000
9280, 3016, 162039104, 2849.000000
9290, 3021, 162388739, 2903.000000
9300, 3024, 162738748, 2842.000000
9310, 3027, 163089123, 2866.000000
9320, 3031, 163439924, 2847.000000
9330, 3036, 163791087, 2878.000000
9340, 3039, 164142549, 2846.000000
9350, 3042, 164494449, 2894.000000
9360, 3047, 164846554, 2838.000000
9370, 3050, 165199049, 2899.000000
9380, 3052, 165552070, 2936.000000
9390, 3055, 165905569, 3018.000000
9400, 3059, 166259059, 3154.000000
9410, 3063, 166613278, 3206.000000
9420, 3067, 166967796, 2929.000000
9430, 3071, 167322635, 2918.000000
9440, 3073, 167677852, 2898.000000
9450, 3075, 168033507, 2930.000000
9460, 3080, 168389637, 2953.000000
9470, 3083, 168746130, 2965.000000
9480, 3086, 169102945, 2908.000000
9490, 3089, 169460142, 2929.000000
9500, 3090, 169817734, 3003.000000
9510, 3095, 170175677, 2949.000000
9520, 3098, 170533988, 2945.000000
9530, 3100, 170892388, 2996.000000
9540, 3104, 171251470, 2982.000000
9550, 3107, 171610807, 2941.000000
9560, 3109, 171970512, 2998.000000
9570, 3113, 172330715, 2985.000000
9580, 3114, 172691268, 3005.000000
9590, 3120, 173052271, 3258.000000
9600, 3123, 173413438, 3187.000000
9610, 3125, 173775157, 3022.000000
9620, 3129, 174137111, 3005.000000
9630, 3131, 174499536, 2992.000000
9640, 3134, 174862424, 3073.000000
9650, 3139, 175225722, 3073.000000
9660, 3142, 175589355, 3018.000000
9670, 3145, 175953504, 3068.000000
9680, 3148, 176318067, 3085.000000
9690, 3152, 176682587, 3043.000000
9700, 3157, 177047606, 3060.000000
9710, 3159, 177413218, 3080.000000
9720, 3162, 177778951, 3079.000000
9730, 3166, 178145019, 3047.000000
9740, 3168, 178511602, 3151.000000
9750, 3172, 178878925, 3334.000000
9760, 3176, 179246451, 3246.000000
9770, 3179, 179614358, 3399.000000
9780, 3181, 179982633, 3309.000000
9790, 3186, 180351228, 3133.000000
9800, 3189, 180719984, 3188.000000
9810, 3193, 181089267, 3123.000000
9820, 3198, 181458836, 3115.000000
9830, 3202, 181828706, 3168.000000
9840, 3206, 182199177, 3162.000000
9850, 3211, 182569904, 3162.000000
9860, 3214, 182941049, 3208.000000
9870, 3217, 183312361, 3192.000000
9880, 3220, 183684101, 3218.000000
9890, 3222, 184056249, 3165.000000
9900, 3225, 184428998, 3165.000000
9910, 3229, 184802175, 3198.000000
9920, 3233, 185175597, 3170.000000
9930, 3237, 185549192, 3167.000000
9940, 3238, 185923373, 3379.000000
9950, 3240, 186298032, 3561.000000
9960, 3244, 186672967, 3301.000000
9970, 3248, 187048175, 3229.000000
9980, 3250, 187423835, 3228.000000
9990, 3254, 187799748, 3271.000000
10000, 3258, 188176231, 3273.000000